title,content,topic,sentiment
"ภาพยนตร์ไทยทำรายได้เปิดตัวสูงสุดของปี","ภาพยนตร์ไทยเรื่องใหม่ทำรายได้เปิดตัวสัปดาห์แรกสูงสุดของปี โดยได้รับคำชมจากทั้งผู้ชมและนักวิจารณ์ในด้านบทและการแสดง ผู้จัดจำหน่ายเพิ่มรอบฉายในหลายจังหวัด",entertainment,positive
"คอนเสิร์ตใหญ่ถูกเลื่อนกะทันหัน แฟนเพลงไม่พอใจ","ผู้จัดประกาศเลื่อนคอนเสิร์ตใหญ่ออกไปอย่างกะทันหันโดยอ้างเหตุด้านการผลิต ทำให้แฟนเพลงที่ซื้อบัตรและจองที่พักไว้แสดงความไม่พอใจ ผู้จัดแจ้งแนวทางคืนเงิน",entertainment,negative
"ซีรีส์ไทยติดอันดับผู้ชมสูงสุดในต่างประเทศ","ซีรีส์ไทยเรื่องหนึ่งขึ้นติดอันดับผู้ชมสูงสุดในหลายประเทศบนแพลตฟอร์มสตรีมมิง ทำให้นักแสดงนำได้รับความสนใจในระดับภูมิภาคและมีงานต่างประเทศเข้ามาต่อเนื่อง",entertainment,positive
"นักร้องปล่อยอัลบั้มใหม่หลังห่างหายไปสามปี","นักร้องชื่อดังปล่อยอัลบั้มเต็มชุดใหม่หลังห่างหายจากวงการไปสามปี โดยเปลี่ยนแนวเพลงไปทางอะคูสติก แฟนเพลงส่วนใหญ่ตอบรับดีในช่วงเปิดตัว",entertainment,positive
"ประกาศรายชื่อผู้เข้าชิงรางวัลภาพยนตร์แห่งชาติ","คณะกรรมการประกาศรายชื่อผู้เข้าชิงรางวัลภาพยนตร์แห่งชาติในทุกสาขา โดยจะจัดพิธีมอบรางวัลในเดือนหน้า ปีนี้มีภาพยนตร์ส่งเข้าประกวดมากกว่าปีก่อน",entertainment,neutral
"ละครเรื่องใหม่ถูกวิจารณ์เรื่องเนื้อหาไม่เหมาะสม","ละครเรื่องใหม่ถูกผู้ชมส่วนหนึ่งวิจารณ์ว่ามีเนื้อหาบางฉากไม่เหมาะสมกับช่วงเวลาออกอากาศ ผู้ผลิตชี้แจงว่าจะปรับการนำเสนอในตอนถัดไปและเพิ่มคำเตือน",entertainment,negative
"เทศกาลดนตรีกลางแจ้งมีผู้เข้าร่วมกว่า 40,000 คน","เทศกาลดนตรีกลางแจ้งจัดขึ้นสองวันและมีผู้เข้าร่วมรวมกว่า 40,000 คน ผู้จัดระบุว่าไม่มีเหตุร้ายและระบบขนส่งรองรับได้ดี ศิลปินหลายรายขึ้นแสดงตามกำหนด",entertainment,positive
"นักแสดงประกาศพักงานเพื่อดูแลสุขภาพ","นักแสดงชื่อดังประกาศพักงานในวงการชั่วคราวเพื่อดูแลสุขภาพตามคำแนะนำของแพทย์ แฟนคลับส่งกำลังใจจำนวนมาก ต้นสังกัดยืนยันจะปรับตารางงานให้",entertainment,neutral
"ภาพยนตร์สารคดีไทยได้รางวัลจากเทศกาลต่างประเทศ","ภาพยนตร์สารคดีของผู้กำกับไทยได้รับรางวัลจากเทศกาลภาพยนตร์ในต่างประเทศ โดยนำเสนอเรื่องราวชุมชนประมงพื้นบ้าน คณะกรรมการชื่นชมมุมมองที่ละเอียดอ่อน",entertainment,positive
"ปัญหาบัตรคอนเสิร์ตถูกขายต่อในราคาสูง","แฟนเพลงร้องเรียนปัญหาบัตรคอนเสิร์ตถูกกวาดซื้อและนำไปขายต่อในราคาสูงหลายเท่า ผู้จัดประกาศใช้ระบบยืนยันตัวตนผู้ถือบัตรเพื่อลดการเก็งกำไรในรอบถัดไป",entertainment,negative
"วงดนตรีอินดี้ไทยได้ไปแสดงในเทศกาลระดับโลก","วงดนตรีอินดี้จากไทยได้รับเชิญไปแสดงในเทศกาลดนตรีระดับโลก ซึ่งเป็นครั้งแรกของวง สมาชิกระบุว่าเป็นโอกาสสำคัญในการเผยแพร่ดนตรีไทยสู่ผู้ฟังต่างชาติ",entertainment,positive
"ผู้กำกับเปิดตัวโครงการภาพยนตร์เรื่องใหม่","ผู้กำกับชาวไทยเปิดตัวโครงการภาพยนตร์เรื่องใหม่ที่จะเริ่มถ่ายทำปลายปีนี้ โดยร่วมทุนกับผู้ผลิตต่างประเทศ และประกาศเปิดคัดเลือกนักแสดงหน้าใหม่",entertainment,neutral
"ยอดผู้ชมละครช่วงไพรม์ไทม์ลดลง","สถานีโทรทัศน์รายงานว่ายอดผู้ชมละครช่วงไพรม์ไทม์ลดลงต่อเนื่อง เนื่องจากผู้ชมย้ายไปดูผ่านแพลตฟอร์มออนไลน์ตามเวลาที่สะดวก สถานีปรับกลยุทธ์เผยแพร่ควบคู่",entertainment,negative
"เปิดพิพิธภัณฑ์ภาพยนตร์ให้เข้าชมฟรี","หน่วยงานเปิดพิพิธภัณฑ์ภาพยนตร์ที่รวบรวมประวัติศาสตร์ภาพยนตร์ไทยให้เข้าชมฟรีในช่วงเปิดตัว มีผู้สนใจเข้าชมเต็มทุกรอบในสัปดาห์แรก",entertainment,positive
"ศิลปินร่วมจัดคอนเสิร์ตการกุศลช่วยผู้ประสบภัย","กลุ่มศิลปินหลายวงร่วมกันจัดคอนเสิร์ตการกุศลเพื่อระดมทุนช่วยผู้ประสบภัยน้ำท่วม ยอดบริจาครวมเกินเป้าหมายที่ตั้งไว้ และจะส่งมอบผ่านมูลนิธิที่ทำงานในพื้นที่",entertainment,positive
"ถกเถียงเรื่องการใช้เอไอสร้างเสียงนักร้อง","วงการเพลงถกเถียงถึงการนำปัญญาประดิษฐ์มาสร้างเสียงร้องเลียนแบบศิลปิน ทั้งประเด็นสิทธิในเสียงและการให้ค่าตอบแทน หน่วยงานเริ่มศึกษาแนวทางกำกับดูแล",entertainment,neutral
"นักแสดงหน้าใหม่ได้รับคำชมจากบทบาทแรก","นักแสดงหน้าใหม่ได้รับคำชมอย่างกว้างขวางจากบทบาทแรกในภาพยนตร์ดรามา นักวิจารณ์ระบุว่าถ่ายทอดอารมณ์ได้เป็นธรรมชาติเกินวัย และคาดว่าจะมีอนาคตไกล",entertainment,positive
"เทศกาลหนังสั้นเปิดรับผลงานจากนักเรียนนักศึกษา","ผู้จัดเทศกาลหนังสั้นเปิดรับผลงานจากนักเรียนและนักศึกษาโดยไม่มีค่าสมัคร เพื่อเปิดพื้นที่ให้ผู้สร้างรุ่นใหม่ ปีนี้มีผลงานส่งเข้าประกวดมากกว่า 400 เรื่อง",entertainment,positive
"รายการวาไรตี้ถูกปรับหลังเนื้อหาไม่เหมาะสม","คณะกรรมการกำกับกิจการกระจายเสียงสั่งปรับรายการวาไรตี้รายหนึ่ง หลังพบเนื้อหาไม่เหมาะสมกับผู้ชมทุกวัยในช่วงเวลาที่ออกอากาศ ผู้ผลิตรับทราบและปรับเนื้อหา",entertainment,negative
"ยอดขายบัตรละครเวทีเพิ่มขึ้นชัดเจน","คณะละครเวทีรายงานยอดขายบัตรเพิ่มขึ้นชัดเจนในฤดูกาลนี้ โดยเฉพาะกลุ่มผู้ชมวัยรุ่นและวัยทำงาน ผู้จัดเพิ่มรอบการแสดงเพื่อรองรับความต้องการ",entertainment,positive
"ศิลปินถูกวิจารณ์เรื่องการแสดงความคิดเห็นในโซเชียล","ศิลปินรายหนึ่งถูกวิจารณ์จากการแสดงความคิดเห็นในสื่อสังคมออนไลน์ ต่อมาได้ออกมาชี้แจงและขออภัยหากทำให้เข้าใจผิด ต้นสังกัดขอให้ระมัดระวังการสื่อสาร",entertainment,negative
"งานมหกรรมหนังสือมีผู้เข้าชมล้นหลาม","งานมหกรรมหนังสือประจำปีมีผู้เข้าชมล้นหลามตลอดสิบวัน สำนักพิมพ์รายงานยอดขายเพิ่มขึ้นจากปีก่อน โดยหมวดวรรณกรรมแปลและหนังสือเด็กขายดีที่สุด",entertainment,positive
"เพลงประกอบซีรีส์ขึ้นอันดับหนึ่งชาร์ตสตรีมมิง","เพลงประกอบซีรีส์ขึ้นอันดับหนึ่งบนชาร์ตสตรีมมิงในประเทศติดต่อกันสามสัปดาห์ ทำให้ศิลปินผู้ขับร้องได้รับความนิยมเพิ่มขึ้นในกลุ่มผู้ฟังรุ่นใหม่",entertainment,positive
"โรงภาพยนตร์ปรับราคาตั๋วขึ้น ผู้ชมบ่น","เครือโรงภาพยนตร์ประกาศปรับราคาตั๋วขึ้นในบางสาขาโดยอ้างต้นทุนที่เพิ่ม ผู้ชมส่วนหนึ่งแสดงความไม่พอใจและระบุว่าจะรอชมผ่านสตรีมมิงแทน",entertainment,negative
"เปิดตัวแพลตฟอร์มสตรีมมิงเนื้อหาไทย","ผู้ประกอบการเปิดตัวแพลตฟอร์มสตรีมมิงที่เน้นเนื้อหาไทยและภูมิภาค พร้อมรองรับคำบรรยายหลายภาษา ผู้ผลิตรายย่อยมองว่าเป็นช่องทางเผยแพร่ผลงานเพิ่ม",entertainment,positive
"งานประกาศรางวัลจัดในรูปแบบไฮบริดครั้งแรก","งานประกาศรางวัลวงการบันเทิงจัดในรูปแบบไฮบริดเป็นครั้งแรก โดยผสมการจัดในสถานที่และการถ่ายทอดสดออนไลน์ ผู้ชมทางบ้านรับชมได้พร้อมกันหลายแสนคน",entertainment,neutral
"นักแสดงตลกอาวุโสได้รับการเชิดชูเกียรติ","นักแสดงตลกอาวุโสได้รับการเชิดชูเกียรติจากผลงานที่สร้างเสียงหัวเราะให้คนไทยกว่าสี่ทศวรรษ ในงานมีเพื่อนร่วมวงการมาร่วมแสดงความยินดีจำนวนมาก",entertainment,positive
"กองถ่ายถูกร้องเรียนเรื่องการปิดถนน","ผู้อยู่อาศัยร้องเรียนกองถ่ายละครที่ปิดถนนในชุมชนโดยไม่แจ้งล่วงหน้า ทำให้การสัญจรติดขัด ผู้ผลิตขออภัยและปรับแผนการถ่ายทำพร้อมประสานหน่วยงานท้องถิ่น",entertainment,negative
"ภาพยนตร์แอนิเมชันไทยเข้าฉายในหลายประเทศ","ภาพยนตร์แอนิเมชันที่ผลิตโดยทีมงานไทยได้เข้าฉายในหลายประเทศในเอเชีย โดยเนื้อเรื่องอ้างอิงนิทานพื้นบ้าน ผู้ชมต่างชาติชื่นชมงานภาพและดนตรีประกอบ",entertainment,positive
"ค่าลิขสิทธิ์เพลงในร้านค้าเป็นประเด็นถกเถียง","ผู้ประกอบการร้านค้าและผู้จัดเก็บค่าลิขสิทธิ์เพลงถกเถียงเรื่องอัตราค่าธรรมเนียมและวิธีจัดเก็บ หน่วยงานเปิดเวทีหารือเพื่อหาแนวทางที่เป็นธรรมกับทุกฝ่าย",entertainment,neutral
"ศิลปินเปิดคลาสสอนดนตรีฟรีให้เยาวชน","ศิลปินกลุ่มหนึ่งร่วมกันเปิดคลาสสอนดนตรีฟรีให้เยาวชนในชุมชน โดยใช้เวลาช่วงวันหยุด มีเยาวชนสมัครเข้าเรียนเต็มจำนวนและมีการตั้งวงดนตรีของชุมชนขึ้น",entertainment,positive
"ละครรีเมกได้รับเสียงตอบรับดีเกินคาด","ละครที่นำกลับมาสร้างใหม่ได้รับเสียงตอบรับดีเกินคาด ทั้งจากผู้ชมกลุ่มเดิมและกลุ่มใหม่ ผู้ผลิตระบุว่าปรับบทให้เข้ากับยุคสมัยโดยยังรักษาแก่นเรื่องไว้",entertainment,positive
"งานอีเวนต์ถูกยกเลิกเพราะสภาพอากาศ","ผู้จัดประกาศยกเลิกงานอีเวนต์กลางแจ้งเนื่องจากพายุฝน เพื่อความปลอดภัยของผู้เข้าร่วม โดยจะคืนเงินค่าบัตรเต็มจำนวนและประกาศวันจัดใหม่ภายหลัง",entertainment,negative
"นักเขียนไทยได้รับรางวัลวรรณกรรมภูมิภาค","นักเขียนชาวไทยได้รับรางวัลวรรณกรรมระดับภูมิภาคจากผลงานนวนิยายที่เล่าเรื่องแรงงานย้ายถิ่น คณะกรรมการชื่นชมภาษาและการสร้างตัวละครที่มีมิติ",entertainment,positive
"แฟนคลับรวมตัวทำกิจกรรมสาธารณประโยชน์","กลุ่มแฟนคลับศิลปินรวมตัวทำกิจกรรมสาธารณประโยชน์ในวันเกิดศิลปิน ทั้งบริจาคเลือดและมอบอุปกรณ์การเรียนให้โรงเรียนขาดแคลน แทนการซื้อของขวัญ",entertainment,positive
"รายการเรียลลิตีถูกตั้งคำถามเรื่องความจริง","ผู้ชมตั้งคำถามต่อรายการเรียลลิตีเรื่องความเป็นธรรมชาติของเหตุการณ์ในรายการ ผู้ผลิตชี้แจงกระบวนการถ่ายทำและยืนยันว่าไม่มีการกำหนดบทให้ผู้เข้าแข่งขัน",entertainment,neutral
"เพลงลูกทุ่งกลับมาได้รับความนิยมในกลุ่มวัยรุ่น","ผู้ให้บริการสตรีมมิงรายงานว่ายอดฟังเพลงลูกทุ่งในกลุ่มผู้ฟังวัยรุ่นเพิ่มขึ้นชัดเจน ส่วนหนึ่งมาจากการนำไปใช้ประกอบคลิปสั้น ทำให้ศิลปินรุ่นใหม่มีพื้นที่มากขึ้น",entertainment,positive
"ผู้จัดคอนเสิร์ตขอโทษเรื่องการจัดการที่นั่ง","ผู้จัดคอนเสิร์ตออกแถลงการณ์ขอโทษผู้ชม หลังเกิดปัญหาการจัดการที่นั่งและการเข้างานล่าช้า พร้อมเสนอมาตรการเยียวยาให้ผู้ที่ได้รับผลกระทบ",entertainment,negative
"เปิดตัวหอศิลป์ร่วมสมัยในต่างจังหวัด","หอศิลป์ร่วมสมัยแห่งใหม่เปิดตัวในต่างจังหวัด จัดแสดงผลงานศิลปินท้องถิ่นและมีพื้นที่เวิร์กชอปสำหรับเยาวชน ผู้เข้าชมในสัปดาห์แรกเกินความคาดหมาย",entertainment,positive
"ภาพยนตร์ทำรายได้ต่ำกว่าเป้าอย่างมาก","ภาพยนตร์ฟอร์มใหญ่ทำรายได้ต่ำกว่าเป้าที่ตั้งไว้อย่างมากในสัปดาห์แรก ผู้จัดจำหน่ายลดจำนวนรอบฉาย นักวิเคราะห์มองว่าการสื่อสารการตลาดไม่ชัดเจน",entertainment,negative
"นักดนตรีไทยร่วมงานกับศิลปินต่างชาติ","นักดนตรีไทยร่วมงานกับศิลปินต่างชาติในซิงเกิลใหม่ ซึ่งผสมเครื่องดนตรีไทยกับดนตรีอิเล็กทรอนิกส์ ได้รับความสนใจจากผู้ฟังทั้งในและต่างประเทศ",entertainment,positive
"ประกาศผังรายการใหม่ของสถานีโทรทัศน์","สถานีโทรทัศน์ประกาศผังรายการใหม่ที่จะเริ่มใช้เดือนหน้า โดยเพิ่มรายการข่าวเชิงวิเคราะห์และลดรายการซ้ำในช่วงบ่าย ผู้ชมสามารถดูผังฉบับเต็มได้ทางเว็บไซต์",entertainment,neutral
"ละครสั้นออนไลน์ได้รับความนิยมเพิ่มขึ้น","ผู้ผลิตเนื้อหารายงานว่าละครสั้นรูปแบบตอนละไม่กี่นาทีได้รับความนิยมเพิ่มขึ้นบนแพลตฟอร์มออนไลน์ เนื่องจากเหมาะกับพฤติกรรมการดูระหว่างเดินทาง",entertainment,positive
"เกิดข้อพิพาทเรื่องลิขสิทธิ์บทประพันธ์","เกิดข้อพิพาทระหว่างผู้ผลิตและเจ้าของบทประพันธ์เรื่องขอบเขตการดัดแปลง ทั้งสองฝ่ายเข้าสู่กระบวนการเจรจา โดยการออกอากาศยังดำเนินต่อไปตามกำหนด",entertainment,negative
"เทศกาลวัฒนธรรมดึงนักท่องเที่ยวเข้าพื้นที่","เทศกาลวัฒนธรรมประจำจังหวัดดึงนักท่องเที่ยวเข้าพื้นที่จำนวนมาก ผู้ประกอบการที่พักและร้านอาหารรายงานรายได้เพิ่มขึ้น ผู้จัดเตรียมขยายกิจกรรมในปีถัดไป",entertainment,positive
"นักแสดงได้รับบาดเจ็บระหว่างถ่ายทำ","นักแสดงได้รับบาดเจ็บเล็กน้อยระหว่างถ่ายทำฉากแอ็กชัน ทีมงานหยุดถ่ายทำและนำส่งโรงพยาบาลทันที ผู้กำกับสั่งทบทวนมาตรการความปลอดภัยในกองถ่าย",entertainment,negative
"ผลงานศิลปะของศิลปินไทยถูกจัดแสดงในต่างประเทศ","ผลงานของศิลปินไทยได้รับเลือกไปจัดแสดงในนิทรรศการระดับนานาชาติ โดยนำเสนอประเด็นสิ่งแวดล้อมผ่านงานจัดวาง ผู้ชมต่างชาติให้ความสนใจอย่างมาก",entertainment,positive
"ปรับเรตติงรายการให้เหมาะกับผู้ชม","หน่วยงานกำกับดูแลปรับปรุงระบบจัดเรตติงรายการโทรทัศน์ให้ชัดเจนขึ้น พร้อมกำหนดให้แสดงสัญลักษณ์ตลอดการออกอากาศ เพื่อช่วยผู้ปกครองเลือกเนื้อหาให้เด็ก",entertainment,neutral
"ยอดผู้ติดตามช่องออนไลน์ของศิลปินโตเร็ว","ช่องออนไลน์ของศิลปินรายหนึ่งมียอดผู้ติดตามเติบโตเร็วหลังปล่อยคอนเทนต์เบื้องหลังการทำเพลง ผู้ติดตามระบุว่าชอบความจริงใจและการเล่าเรื่องกระบวนการทำงาน",entertainment,positive
"วงการเพลงเผชิญปัญหารายได้จากสตรีมมิงต่ำ","ศิลปินอิสระสะท้อนว่ารายได้จากการสตรีมมิงต่อการเล่นหนึ่งครั้งอยู่ในระดับต่ำ ทำให้ต้องพึ่งรายได้จากการแสดงสด สมาคมเรียกร้องให้ทบทวนสัดส่วนการแบ่งรายได้",entertainment,negative
